{
  "model": "gru",
  "feature_group": "combined",
  "feature_columns": [
    "returns",
    "rsi",
    "macd",
    "bbp",
    "momentum",
    "volume",
    "positive_score",
    "negative_score",
    "neutral_score",
    "sentiment_score",
    "sentiment_confidence",
    "article_count",
    "message_count"
  ],
  "best_validation": {
    "sequence_length": 20,
    "include_current_row": true,
    "hidden_size": 96,
    "num_layers": 1,
    "classifier_hidden": 8,
    "head_layers": 2,
    "bidirectional": false,
    "recurrent_dropout": 0.0,
    "fc_dropout": 0.3,
    "activation_name": "gelu",
    "pooling_name": "last_mean",
    "use_layer_norm": false,
    "gru_bias": true,
    "learning_rate": 0.001,
    "weight_decay": 1e-05,
    "batch_size": 32,
    "regression_loss_name": "smooth_l1",
    "smooth_l1_beta": 0.2,
    "direction_loss_weight": 0.1,
    "class_weight_mode": "balanced",
    "optimizer_name": "adamw",
    "gradient_clip": 0.5,
    "scale_target": true,
    "seed": 42,
    "val_mae": 0.03100566565990448,
    "val_rmse": 0.04127765583668705,
    "val_correlation": 0.23464224706579834,
    "val_prediction_mean": 0.009757249616086483,
    "val_prediction_std": 0.009648634120821953,
    "val_threshold_direction_accuracy": 0.4475,
    "val_direction_accuracy": 0.5725,
    "val_direction_baseline_accuracy": 0.5475,
    "val_direction_lift": 0.025000000000000022,
    "val_direction_macro_f1": 0.4033872318678043,
    "val_direction_weighted_f1": 0.5425347098990645,
    "val_direction_macro_precision": 0.38687621869063465,
    "val_direction_macro_recall": 0.44317226652127495,
    "selection_score": 0.040676785507809586,
    "epochs_ran": 17,
    "trial": 46,
    "seconds": 12.622
  },
  "test_metrics": {
    "mae": 0.049982260912656784,
    "rmse": 0.06820756881914497,
    "correlation": -0.07971482409012688,
    "prediction_mean": 0.014519413001835346,
    "prediction_std": 0.012507310137152672,
    "threshold_direction_accuracy": 0.31092436974789917,
    "direction_accuracy": 0.38487394957983195,
    "direction_baseline_accuracy": 0.5025210084033613,
    "direction_lift": -0.11764705882352938,
    "direction_macro_f1": 0.2675671503224019,
    "direction_weighted_f1": 0.35572202323217333,
    "direction_macro_precision": 0.26509454322094395,
    "direction_macro_recall": 0.2971939562133827,
    "confusion_matrix": [
      [
        91,
        0,
        208
      ],
      [
        19,
        0,
        42
      ],
      [
        97,
        0,
        138
      ]
    ]
  },
  "paths": {
    "search_results": "reports\\final\\gru_combined_multitask_tuned_2020-01-01_to_2022-02-28_v4_purged_rawtech_labeled_sentiment_multitask_search.csv",
    "best_config": "reports\\final\\gru_combined_multitask_tuned_2020-01-01_to_2022-02-28_v4_purged_rawtech_labeled_sentiment_multitask_best.json",
    "predictions": "reports\\final\\gru_combined_multitask_tuned_2020-01-01_to_2022-02-28_v4_purged_rawtech_labeled_sentiment_multitask_predictions.csv",
    "checkpoint": "model_checkpoints\\final\\gru_combined_multitask_tuned_2020-01-01_to_2022-02-28_v4_purged_rawtech_labeled_sentiment_multitask_best.pt"
  },
  "runtime_seconds": 1922.859
}